[
  {
    "firstname": "Jesse",
    "lastname": "Haimi",
    "team": " PPS United",
    "age": "23",
    "height": "180",
    "weight": "86",
    "city": "Vantaa",
    "image": "../Images/Jesse.png",
    "color": "#dca3a3",
    "id": 1
  },
  {
    "firstname": "Roni",
    "lastname": "Koskinen",
    "team": "Ei harrastuksia:D",
    "age": 24,
    "height": "153",
    "weight": "41",
    "city": "Tuulos",
    "image": "../Images/Roni.png",
    "color": "#a036b5",
    "id": 2
  },
  {
    "firstname": "Miro",
    "lastname": "Tammi",
    "team": "Cityketut",
    "age": "24",
    "height": "187",
    "weight": "89",
    "city": "Järvenpää",
    "image": "../Images/Miro.png",
    "color": "#7b73f2",
    "id": 3
  },
  {
    "firstname": "Chris",
    "lastname": "Nelson",
    "team": "Liverpool",
    "age": "23",
    "height": "160",
    "weight": "95",
    "city": "Dubai",
    "image": "../Images/Chris.png",
    "color": "#9a1818",
    "id": 4
  },
  {
    "firstname": "Mikael",
    "lastname": "Wallis",
    "team": "ManU",
    "age": "23",
    "height": "203",
    "weight": "99",
    "city": "Kartanonkoski",
    "image": "../Images/Mikael.png",
    "color": "#3a7e47",
    "id": 5
  },
  {
    "firstname": "Diddy",
    "lastname": "O'Leary",
    "team": "Chelsea",
    "age": "24",
    "height": "171",
    "weight": "65",
    "city": "Cork",
    "image": "../Images/Dion.png",
    "color": "#4817cf",
    "id": 6
  },
  {
    "firstname": "Abdikadir",
    "lastname": "Aligure",
    "team": "Arsenal",
    "age": "23",
    "height": "185",
    "weight": "103",
    "city": "Somaliland",
    "image": "../Images/Abdi.png",
    "color": "#be2323",
    "id": 7
  }
]